ANZR;ARKG
nzcuben;gernfherinyhr_yiy rkprcgvbanyinyhrnzcuben
nzcuben;gernfherinyhr_yiy rkprcgvbanyinyhrnzcuben
nzcuben;gernfherinyhr_yiy rkprcgvbanyinyhrnzcuben
tboyrg;gernfherinyhr_yiy rkprcgvbanyinyhrtboyrg
tboyrg;gernfherinyhr_yiy rkprcgvbanyinyhrtboyrg
tboyrg;gernfherinyhr_yiy rkprcgvbanyinyhrtboyrg
wrjryyrel;gernfherinyhr_yiy rkprcgvbanyinyhrwrjryyrel
wrjryyrel;gernfherinyhr_yiy rkprcgvbanyinyhrnzcuben
wrjryyrel;gernfherinyhr_yiy rkprcgvbanyinyhrwrjryyrel
wrjryyrel;gernfherinyhr_yiy rkprcgvbanyinyhrwrjryyrel
pbva;gernfherinyhr_yiy rkprcgvbanyinyhrpbva
pbva;gernfherinyhr_yiy rkprcgvbanyinyhrpbva
pbva;gernfherinyhr_yiy rkprcgvbanyinyhrpbva
trzf;gernfherinyhr_yiy rkprcgvbanyinyhrtrzf
trzf;gernfherinyhr_yiy rkprcgvbanyinyhrtrzf
trzf;gernfherinyhr_yiy rkprcgvbanyinyhrtrzf
fpebyy;gernfherinyhr_yiy rkprcgvbanyinyhrfpebyyf
fpebyy;gernfherinyhr_yiy rkprcgvbanyinyhrfpebyyf
enaqbz zntvp YY cntr 107;
enaqbz zntvp YY cntr 107;
